"it","im","dep","meth","out"
1,1,"sex","2lonly.pmm","studyid222"
1,1,"age","2lonly.pmm","studyid222"
1,1,"ses","polyreg","studyid103, studyid112, studyid212, studyid222"
1,1,"waist_circumference","pmm","studyid101, studyid104, studyid105, studyid106, studyid108, studyid110, studyid112, studyid114, studyid118, studyid221, studyid222"
1,1,"pa_volume","2l.pmm","studyid222"
1,1,"pa_intensity","2l.pmm","studyid222"
1,1,"pa_mostactivehr","2l.pmm","studyid222"
1,1,"sleep_duration","2l.pmm","studyid222"
1,1,"sleep_efficiency","2l.pmm","studyid222"
1,1,"sleep_onset","2l.pmm","studyid222"
1,1,"sleep_wakeup","2l.pmm","studyid222"
1,1,"sleep_regularity","2l.pmm","studyid101, studyid212, studyid222"
1,1,"bmi","2lonly.pmm","studyid101, studyid222"
2,1,"sex","2lonly.pmm","studyid222"
2,1,"age","2lonly.pmm","studyid222"
2,1,"ses","polyreg","studyid103, studyid112, studyid212, studyid222"
2,1,"waist_circumference","pmm","studyid101, studyid104, studyid105, studyid106, studyid108, studyid110, studyid112, studyid114, studyid118, studyid221, studyid222"
2,1,"pa_volume","2l.pmm","studyid222"
2,1,"pa_intensity","2l.pmm","studyid222"
2,1,"pa_mostactivehr","2l.pmm","studyid222"
2,1,"sleep_duration","2l.pmm","studyid222"
2,1,"sleep_efficiency","2l.pmm","studyid222"
2,1,"sleep_onset","2l.pmm","studyid222"
2,1,"sleep_wakeup","2l.pmm","studyid222"
2,1,"sleep_regularity","2l.pmm","studyid101, studyid212, studyid222"
2,1,"bmi","2lonly.pmm","studyid101, studyid222"
3,1,"sex","2lonly.pmm","studyid222"
3,1,"age","2lonly.pmm","studyid222"
3,1,"ses","polyreg","studyid103, studyid112, studyid212, studyid222"
3,1,"waist_circumference","pmm","studyid101, studyid104, studyid105, studyid106, studyid108, studyid110, studyid112, studyid114, studyid118, studyid221, studyid222"
3,1,"pa_volume","2l.pmm","studyid222"
3,1,"pa_intensity","2l.pmm","studyid222"
3,1,"pa_mostactivehr","2l.pmm","studyid222"
3,1,"sleep_duration","2l.pmm","studyid222"
3,1,"sleep_efficiency","2l.pmm","studyid222"
3,1,"sleep_onset","2l.pmm","studyid222"
3,1,"sleep_wakeup","2l.pmm","studyid222"
3,1,"sleep_regularity","2l.pmm","studyid101, studyid212, studyid222"
3,1,"bmi","2lonly.pmm","studyid101, studyid222"
4,1,"sex","2lonly.pmm","studyid222"
4,1,"age","2lonly.pmm","studyid222"
4,1,"ses","polyreg","studyid103, studyid112, studyid212, studyid222"
4,1,"waist_circumference","pmm","studyid101, studyid104, studyid105, studyid106, studyid108, studyid110, studyid112, studyid114, studyid118, studyid221, studyid222"
4,1,"pa_volume","2l.pmm","studyid222"
4,1,"pa_intensity","2l.pmm","studyid222"
4,1,"pa_mostactivehr","2l.pmm","studyid222"
4,1,"sleep_duration","2l.pmm","studyid222"
4,1,"sleep_efficiency","2l.pmm","studyid222"
4,1,"sleep_onset","2l.pmm","studyid222"
4,1,"sleep_wakeup","2l.pmm","studyid222"
4,1,"sleep_regularity","2l.pmm","studyid101, studyid212, studyid222"
4,1,"bmi","2lonly.pmm","studyid101, studyid222"
5,1,"sex","2lonly.pmm","studyid222"
5,1,"age","2lonly.pmm","studyid222"
5,1,"ses","polyreg","studyid103, studyid112, studyid212, studyid222"
5,1,"waist_circumference","pmm","studyid101, studyid104, studyid105, studyid106, studyid108, studyid110, studyid112, studyid114, studyid118, studyid221, studyid222"
5,1,"pa_volume","2l.pmm","studyid222"
5,1,"pa_intensity","2l.pmm","studyid222"
5,1,"pa_mostactivehr","2l.pmm","studyid222"
5,1,"sleep_duration","2l.pmm","studyid222"
5,1,"sleep_efficiency","2l.pmm","studyid222"
5,1,"sleep_onset","2l.pmm","studyid222"
5,1,"sleep_wakeup","2l.pmm","studyid222"
5,1,"sleep_regularity","2l.pmm","studyid101, studyid212, studyid222"
5,1,"bmi","2lonly.pmm","studyid101, studyid222"
1,2,"sex","2lonly.pmm","studyid222"
1,2,"age","2lonly.pmm","studyid222"
1,2,"ses","polyreg","studyid103, studyid112, studyid212, studyid222"
1,2,"waist_circumference","pmm","studyid101, studyid104, studyid105, studyid106, studyid108, studyid110, studyid112, studyid114, studyid118, studyid221, studyid222"
1,2,"pa_volume","2l.pmm","studyid222"
1,2,"pa_intensity","2l.pmm","studyid222"
1,2,"pa_mostactivehr","2l.pmm","studyid222"
1,2,"sleep_duration","2l.pmm","studyid222"
1,2,"sleep_efficiency","2l.pmm","studyid222"
1,2,"sleep_onset","2l.pmm","studyid222"
1,2,"sleep_wakeup","2l.pmm","studyid222"
1,2,"sleep_regularity","2l.pmm","studyid101, studyid212, studyid222"
1,2,"bmi","2lonly.pmm","studyid101, studyid222"
2,2,"sex","2lonly.pmm","studyid222"
2,2,"age","2lonly.pmm","studyid222"
2,2,"ses","polyreg","studyid103, studyid112, studyid212, studyid222"
2,2,"waist_circumference","pmm","studyid101, studyid104, studyid105, studyid106, studyid108, studyid110, studyid112, studyid114, studyid118, studyid221, studyid222"
2,2,"pa_volume","2l.pmm","studyid222"
2,2,"pa_intensity","2l.pmm","studyid222"
2,2,"pa_mostactivehr","2l.pmm","studyid222"
2,2,"sleep_duration","2l.pmm","studyid222"
2,2,"sleep_efficiency","2l.pmm","studyid222"
2,2,"sleep_onset","2l.pmm","studyid222"
2,2,"sleep_wakeup","2l.pmm","studyid222"
2,2,"sleep_regularity","2l.pmm","studyid101, studyid212, studyid222"
2,2,"bmi","2lonly.pmm","studyid101, studyid222"
3,2,"sex","2lonly.pmm","studyid222"
3,2,"age","2lonly.pmm","studyid222"
3,2,"ses","polyreg","studyid103, studyid112, studyid212, studyid222"
3,2,"waist_circumference","pmm","studyid101, studyid104, studyid105, studyid106, studyid108, studyid110, studyid112, studyid114, studyid118, studyid221, studyid222"
3,2,"pa_volume","2l.pmm","studyid222"
3,2,"pa_intensity","2l.pmm","studyid222"
3,2,"pa_mostactivehr","2l.pmm","studyid222"
3,2,"sleep_duration","2l.pmm","studyid222"
3,2,"sleep_efficiency","2l.pmm","studyid222"
3,2,"sleep_onset","2l.pmm","studyid222"
3,2,"sleep_wakeup","2l.pmm","studyid222"
3,2,"sleep_regularity","2l.pmm","studyid101, studyid212, studyid222"
3,2,"bmi","2lonly.pmm","studyid101, studyid222"
4,2,"sex","2lonly.pmm","studyid222"
4,2,"age","2lonly.pmm","studyid222"
4,2,"ses","polyreg","studyid103, studyid112, studyid212, studyid222"
4,2,"waist_circumference","pmm","studyid101, studyid104, studyid105, studyid106, studyid108, studyid110, studyid112, studyid114, studyid118, studyid221, studyid222"
4,2,"pa_volume","2l.pmm","studyid222"
4,2,"pa_intensity","2l.pmm","studyid222"
4,2,"pa_mostactivehr","2l.pmm","studyid222"
4,2,"sleep_duration","2l.pmm","studyid222"
4,2,"sleep_efficiency","2l.pmm","studyid222"
4,2,"sleep_onset","2l.pmm","studyid222"
4,2,"sleep_wakeup","2l.pmm","studyid222"
4,2,"sleep_regularity","2l.pmm","studyid101, studyid212, studyid222"
4,2,"bmi","2lonly.pmm","studyid101, studyid222"
5,2,"sex","2lonly.pmm","studyid222"
5,2,"age","2lonly.pmm","studyid222"
5,2,"ses","polyreg","studyid103, studyid112, studyid212, studyid222"
5,2,"waist_circumference","pmm","studyid101, studyid104, studyid105, studyid106, studyid108, studyid110, studyid112, studyid114, studyid118, studyid221, studyid222"
5,2,"pa_volume","2l.pmm","studyid222"
5,2,"pa_intensity","2l.pmm","studyid222"
5,2,"pa_mostactivehr","2l.pmm","studyid222"
5,2,"sleep_duration","2l.pmm","studyid222"
5,2,"sleep_efficiency","2l.pmm","studyid222"
5,2,"sleep_onset","2l.pmm","studyid222"
5,2,"sleep_wakeup","2l.pmm","studyid222"
5,2,"sleep_regularity","2l.pmm","studyid101, studyid212, studyid222"
5,2,"bmi","2lonly.pmm","studyid101, studyid222"
1,3,"sex","2lonly.pmm","studyid222"
1,3,"age","2lonly.pmm","studyid222"
1,3,"ses","polyreg","studyid103, studyid112, studyid212, studyid222"
1,3,"waist_circumference","pmm","studyid101, studyid104, studyid105, studyid106, studyid108, studyid110, studyid112, studyid114, studyid118, studyid221, studyid222"
1,3,"pa_volume","2l.pmm","studyid222"
1,3,"pa_intensity","2l.pmm","studyid222"
1,3,"pa_mostactivehr","2l.pmm","studyid222"
1,3,"sleep_duration","2l.pmm","studyid222"
1,3,"sleep_efficiency","2l.pmm","studyid222"
1,3,"sleep_onset","2l.pmm","studyid222"
1,3,"sleep_wakeup","2l.pmm","studyid222"
1,3,"sleep_regularity","2l.pmm","studyid101, studyid212, studyid222"
1,3,"bmi","2lonly.pmm","studyid101, studyid222"
2,3,"sex","2lonly.pmm","studyid222"
2,3,"age","2lonly.pmm","studyid222"
2,3,"ses","polyreg","studyid103, studyid112, studyid212, studyid222"
2,3,"waist_circumference","pmm","studyid101, studyid104, studyid105, studyid106, studyid108, studyid110, studyid112, studyid114, studyid118, studyid221, studyid222"
2,3,"pa_volume","2l.pmm","studyid222"
2,3,"pa_intensity","2l.pmm","studyid222"
2,3,"pa_mostactivehr","2l.pmm","studyid222"
2,3,"sleep_duration","2l.pmm","studyid222"
2,3,"sleep_efficiency","2l.pmm","studyid222"
2,3,"sleep_onset","2l.pmm","studyid222"
2,3,"sleep_wakeup","2l.pmm","studyid222"
2,3,"sleep_regularity","2l.pmm","studyid101, studyid212, studyid222"
2,3,"bmi","2lonly.pmm","studyid101, studyid222"
3,3,"sex","2lonly.pmm","studyid222"
3,3,"age","2lonly.pmm","studyid222"
3,3,"ses","polyreg","studyid103, studyid112, studyid212, studyid222"
3,3,"waist_circumference","pmm","studyid101, studyid104, studyid105, studyid106, studyid108, studyid110, studyid112, studyid114, studyid118, studyid221, studyid222"
3,3,"pa_volume","2l.pmm","studyid222"
3,3,"pa_intensity","2l.pmm","studyid222"
3,3,"pa_mostactivehr","2l.pmm","studyid222"
3,3,"sleep_duration","2l.pmm","studyid222"
3,3,"sleep_efficiency","2l.pmm","studyid222"
3,3,"sleep_onset","2l.pmm","studyid222"
3,3,"sleep_wakeup","2l.pmm","studyid222"
3,3,"sleep_regularity","2l.pmm","studyid101, studyid212, studyid222"
3,3,"bmi","2lonly.pmm","studyid101, studyid222"
4,3,"sex","2lonly.pmm","studyid222"
4,3,"age","2lonly.pmm","studyid222"
4,3,"ses","polyreg","studyid103, studyid112, studyid212, studyid222"
4,3,"waist_circumference","pmm","studyid101, studyid104, studyid105, studyid106, studyid108, studyid110, studyid112, studyid114, studyid118, studyid221, studyid222"
4,3,"pa_volume","2l.pmm","studyid222"
4,3,"pa_intensity","2l.pmm","studyid222"
4,3,"pa_mostactivehr","2l.pmm","studyid222"
4,3,"sleep_duration","2l.pmm","studyid222"
4,3,"sleep_efficiency","2l.pmm","studyid222"
4,3,"sleep_onset","2l.pmm","studyid222"
4,3,"sleep_wakeup","2l.pmm","studyid222"
4,3,"sleep_regularity","2l.pmm","studyid101, studyid212, studyid222"
4,3,"bmi","2lonly.pmm","studyid101, studyid222"
5,3,"sex","2lonly.pmm","studyid222"
5,3,"age","2lonly.pmm","studyid222"
5,3,"ses","polyreg","studyid103, studyid112, studyid212, studyid222"
5,3,"waist_circumference","pmm","studyid101, studyid104, studyid105, studyid106, studyid108, studyid110, studyid112, studyid114, studyid118, studyid221, studyid222"
5,3,"pa_volume","2l.pmm","studyid222"
5,3,"pa_intensity","2l.pmm","studyid222"
5,3,"pa_mostactivehr","2l.pmm","studyid222"
5,3,"sleep_duration","2l.pmm","studyid222"
5,3,"sleep_efficiency","2l.pmm","studyid222"
5,3,"sleep_onset","2l.pmm","studyid222"
5,3,"sleep_wakeup","2l.pmm","studyid222"
5,3,"sleep_regularity","2l.pmm","studyid101, studyid212, studyid222"
5,3,"bmi","2lonly.pmm","studyid101, studyid222"
